F2 TWS M10 Earbuds Bluetooth 5.1 Earphones 3500mAh Chargng Box Wireless Stereo Headphones Sports Waterproof Earbuds Headsets With Microphone, '|', Rs. 623 , '|', 18.2K sold , '|',  
EARBUDS AIR 31 AIRPODS WIRELESS EARBUDS WITH CRYSTAL TRANSPARENT CASE WITH TYPE C CHARGING|EARBUDS BLUETOOTH 5.3 | NEW MODEL AIR 31EARBUDS AIR 31 AIRPODS WIRELESS EARBUDS WITH CRYSTAL TRANSPARENT CASE WITH TYPE C CHARGING|EARBUDS BLUETOOTH 5.3 | NEW MODEL, '|', Rs. 753 , '|', 14.2K sold , '|',  
AirPods_Pro Wireless Earbuds Bluetooth 5.0, Super Sound Bass, Charging Case and Extra Ear-Buds, Pop-Up Feature Compatible with All Devices, '|', Rs. 1,643 , '|', 28.0K sold , '|',  
Homel TWS Wireless Bluetooth 5.3 Headphones Sport Gaming Earphones Noise Reduction Stereo Earbuds Handfree Call Headset with Mic and Charging Box, '|', Rs. 675 , '|', 1.5K sold , '|',  
# Pro6 Wireless Bluetooth Headphones Tws Earphones Mini Heaset with Charging Case Waterproof Earbuds, '|', Rs. 1,482 , '|', 19 sold , '|',  
Airpro & Air 31 TWS I12 Airpods_ with Super Sound & High Quality Touch Sensors True Stereo Headphones with Built in Mic 10m Transmission Bluetooth Wireless Earbuds , power Case Sport Headset for all Bluetooth Smart devices., '|', Rs. 731 , '|', 568 sold , '|',  
Upgraded Version V5.2 Chip TWS G11 Wireless Outdoor Sports Wireless Headset Gaming Earbuds Esports Listening Music Universal, '|', Rs. 1,297 , '|', 9.4K sold , '|',  
Original QKZ AK6 In Ear Earphone 6 Dynamic Driver Unit Headphone With Mic Stereo Sports HIFI Subwoofer Headset Monitor Earbuds, '|', Rs. 849 , '|', 0 , '|',  
X15 TWS Gaming Earbuds Wireless Bluetooth Earphones With Mic Bass Audio Sound Positioning 9D Stereo Music HiFi Headset For Gamer, '|', Rs. 1,692 , '|', 11 sold , '|',  
TWS Pro4 Wireless Bluetooth Headset Noise Cancelling In-ear Earbuds with Mic Wireless Headphones for iPhone Bluetooth Earphones, '|', Rs. 961 , '|', 10 sold , '|',  
# XT-11 Bluetooth 4.2 Wireless Earphone Sports Headset Waterproof Earbuds Neckband Magnetic Headphone With Mic For Samrtphones, '|', Rs. 1,137 , '|', 17 sold , '|',  
M10 TWS Bluetooth Headphones 3500mAh Charging Box Wireless Earphones With Microphone 9D Stereo Sports Waterproof Earbuds Headset, '|', Rs. 1,890 , '|', 9 sold , '|',  
Airpods Air Pro 3rd Gen TWS (True Wireless Stereo) Bluetooth Earbuds Dual Earphones Headset (Connect With All Bluetooth Devices)., '|', Rs. 960 , '|', 37.9K sold , '|',  
F9 Wireless Bluetooth Headphones Tws Waterproof Earbuds Earphones Digital Display Heaset Large Capacity Charging Case, '|', Rs. 1,588 , '|', 5 sold , '|',  
M25 Damix TWS Gaming Headphones True Wireless Earbuds Earphones Earphones Touch Control, '|', Rs. 1,245 , '|', 1.4K sold , '|',  
Lenovo Gm2 pro 5.3 Earphone Bluetooth Wireless Earbuds Low Latency Headphones HD Call Dual Mode Gaming Headset With Mic, '|', Rs. 1,950 , '|', 1.9K sold , '|',  
Airpro & Air 31 TWS I12 Airpods_ with Super Sound & High Quality Touch Sensors True Stereo Headphones with Built in Mic 10m Transmission Bluetooth Wireless Earbuds , power Case Sport Headset for all Bluetooth Smart devices., '|', Rs. 861 , '|', 75.5K sold , '|',  
Bluetooth 5.2 Business Wireless Headphone Ear-Hook Mini HIFI Bass Noise Cancelling Earphone With Mic Earbuds Sport Game Headset, '|', Rs. 1,042 , '|', 8 sold , '|',  
Original TWS M20 Wireless Bluetooth Earbuds in low Price, '|', Rs. 640 , '|', 1.5K sold , '|',  
Pro 4 Earphone Wireless Bluetooth Headphones Call Noise Reduction Touch Control Headset Pro4 HiFi Stereo Earbuds for Android IOS, '|', Rs. 1,666 , '|', 8 sold , '|',  
Air31 Wireless Headphones LED Power Digital Display Stereo Sound Bluetooth-compatible 5.3 Transparent Earphones for Sports Working, '|', Rs. 780 , '|', 2.0K sold , '|',  
Audionic Airbud 550 Quad MIC ENC Earbuds, Gaming Mode, IPx4 Water Proof TWS Wireless Earbuds With 26 Hour Playtime Bluetooth Ear buds And Headphones, '|', Rs. 4,350 , '|', 13.7K sold , '|',  
M90 Wireless Headphones TWS Bluetooth Touch Control Earphones Sport Earbuds Hifi Stereo Gaming Headset With Mic For Smartphone, '|', Rs. 1,958 , '|', 6 sold , '|',  
F9 Wireless Earphones Bluetooth TWS LED Dislpaly Binaural Headset Waterproof HD Calling CVC 8.0 Noise Reduction Headphones, '|', Rs. 1,379 , '|', 7.0K sold , '|',  
M19 Bluetooth Headset Wireless Tws Gaming Support Noise-cancelling Touch In-ear Mini Emergency Power Bank Headset, '|', Rs. 1,628 , '|', 7.7K sold , '|',  
K69 Bone Conduction Earphones Bluetooth Hifi Music Headphones Sport Ear-hook Wireless Headsets with Mic Waterproof Earbuds, '|', Rs. 1,300 , '|', 10 sold , '|',  
realme earbuds T100, '|', Rs. 4,999 , '|', 1.1K sold , '|',  
New TWS F2 Earbuds High Base Sound  F2 Wireless Earbuds 5.2 Bluetooth  F2 TWS True Wireless Steteo Mini Earbuds, '|', Rs. 634 , '|', 287 sold , '|',  
Pro4 TWS Bluetooth Earphone 9D Stereo Wireless Headphone In-Ear HiFi Earbud HandsFree Headset With Microphone For Xiaomi iPhone, '|', Rs. 696 , '|', 5.4K sold , '|',  
X55 Mini Earphone Wireless Earphone Headphones Noise Reduction Sport Game Sleep Bluetooth Earbuds HIFI Stereo Music Headset, '|', Rs. 2,029 , '|', 12 sold , '|',  
Pro 6 TWS Bluetooth Earphones for iPhone Wireless Bluetooth Headset Noise Cancelling Earbuds with Mic Pro6 Wireless Headphones, '|', Rs. 1,286 , '|', 8 sold , '|',  
Y50 TWS Wireless Headphones Sport Earphone Bluetooth Gaming Headset Microphone Phone Wireless Earbuds For Xiaomi Huawei LG Phone, '|', Rs. 609 , '|', 14.9K sold , '|',  
Air 31 Earbuds ENC | True Wireless Crystal Earbuds LED Display | TWS Air31 Transparent Earbuds Bluetooth Earphone with Mic | Low Latency, '|', Rs. 789 , '|', 1.7K sold , '|',  
Original A2 Pro True Wireless Bluetooth Earphones Headphones Mini Earpone Headset For Huawei Android Apple iPhone Earbuds, '|', Rs. 736 , '|', 4.6K sold , '|',  
♥Original Product+FREE Shipping+COD♥HP-A6S Bluetooth 5.0 Earphones Wireless Headphones Earbuds In Ear Sport Music Outdoor Headset with Mic Original, '|', Rs. 1,050 , '|', 2.0K sold , '|',  
TWS M19 5.0 Wireless Bluetoth Earphones Sport Sound Noise Cancelling Ear Buds IPX7 Waterproof Headphones Stereo Earbuds Touch control LED Digital Display Large Battery Box Gaming 2000Mah, '|', Rs. 1,029 , '|', 2.0K sold , '|',  
Baseus Bowie E19 Wireless IPX5 Waterproof Bluetooth Earphone With 2 ENC Mics Earbuds Strong Bass Earbuds Wireless Sport 33h Music Time, '|', Rs. 2,869 , '|', 766 sold , '|',  
m-10 Earbuds Airpods_ with Power bank Get Free 1000Rs Voucher Earphone Touch Bluetooth m10 Ear Headsets 5.1 Noise cancellation Ear buds and gaming. Better Than i12 , m19 earbuds m90 pro m10 airpods_ , connect on android_ , and Ios_ handfree pubg_, '|', Rs. 760 , '|', 97 sold , '|',  
EARBUDS AIR 31 AIRPODS WIRELESS EARBUDS WITH CRYSTAL TRANSPARENT CASE WITH TYPE C CHARGING|EARBUDS BLUETOOTH 5.3 | NEW MODEL AIR 31EARBUDS AIR 31 AIRPODS WIRELESS EARBUDS WITH CRYSTAL TRANSPARENT CASE WITH TYPE C CHARGING|EARBUDS BLUETOOTH 5.3 | NEW MODEL, '|', Rs. 750 , '|', 18 sold , '|',  
original Airpods pro 2nd generation with high ANC quality Bluetooth wireless earbuds Best quality, '|', Rs. 1,599 , '|', 76 sold , '|',  
